INSERT INTO _USER(USER_ID,NAME,ADDRESS) VALUES(1, 'A','Address 1');
INSERT INTO _USER(USER_ID,NAME,ADDRESS) VALUES(2, 'B','Address 2');
INSERT INTO _USER(USER_ID,NAME,ADDRESS) VALUES(3, 'C','Address 3');
INSERT INTO _USER(USER_ID,NAME,ADDRESS) VALUES(4, 'D','Address 4');
INSERT INTO _USER(USER_ID,NAME,ADDRESS) VALUES(5, 'E','Address 5');
INSERT INTO _USER(USER_ID,NAME,ADDRESS) VALUES(6, 'F','Address 6');
INSERT INTO _USER(USER_ID,NAME,ADDRESS) VALUES(7, 'G','Address 7');
INSERT INTO _USER(USER_ID,NAME,ADDRESS) VALUES(8, 'H','Address 8');
INSERT INTO _USER(USER_ID,NAME,ADDRESS) VALUES(9, 'I','Address 9');
INSERT INTO _USER(USER_ID,NAME,ADDRESS) VALUES(10, 'J','Address 10');
--
--INSERT INTO MEETING(MEETING_ID,HOST_ID,START_TIME,END_TIME) VALUES(100, 1,'2024-03-08T18:40:00','2024-03-08T19:30:00');
--INSERT INTO MEETING(MEETING_ID,HOST_ID,START_TIME,END_TIME) VALUES(101, 2,'2024-03-08T20:15:10','2024-03-08T21:30:00');
--INSERT INTO MEETING(MEETING_ID,HOST_ID,START_TIME,END_TIME) VALUES(102, 5,'2024-03-08T22:00:00','2024-03-08T22:45:00');
--
--INSERT INTO USER_MEETING_MAP(MEETING_ID,USER_ID) VALUES(100,1);
--INSERT INTO USER_MEETING_MAP(MEETING_ID,USER_ID) VALUES(100,2);
--INSERT INTO USER_MEETING_MAP(MEETING_ID,USER_ID) VALUES(101,2);
--INSERT INTO USER_MEETING_MAP(MEETING_ID,USER_ID) VALUES(101,3);
--INSERT INTO USER_MEETING_MAP(MEETING_ID,USER_ID) VALUES(101,4);
--INSERT INTO USER_MEETING_MAP(MEETING_ID,USER_ID) VALUES(100,5);
--INSERT INTO USER_MEETING_MAP(MEETING_ID,USER_ID) VALUES(101,5);
--INSERT INTO USER_MEETING_MAP(MEETING_ID,USER_ID) VALUES(102,5);